ds,yhat,yhat_lower,yhat_upper,Country
1907-01-01,-27289019.3254873,-423221429.7764865,351412607.2452754,China
1908-01-01,-14334178.349229816,-413861093.2808151,367146161.3330365,China
1909-01-01,-38005555.45765752,-436150826.28739506,366864888.8690068,China
1910-01-01,-24978466.673012413,-431087806.40270156,390210707.00212914,China
1911-01-01,-11981907.950167678,-393602055.1799795,412260866.9574979,China
1912-01-01,972933.6686704867,-424252937.3259541,393288872.7878918,China
1913-01-01,-22698442.795420457,-447878575.7626954,359100011.722367,China
1914-01-01,-9671353.368288722,-435514746.3730692,371418274.8269313,China
1915-01-01,3325205.748443026,-429306833.47161686,402177037.0921435,China
1916-01-01,16280047.118527822,-412419479.5945488,389020634.90341485,China
1917-01-01,-7391329.595064849,-423864306.1110247,373229539.7142444,China
1918-01-01,5635759.583253883,-402291116.900195,435527708.5839833,China
1919-01-01,18632318.465493266,-382162033.2230748,432050421.63098687,China
1920-01-01,31587159.601075135,-385290779.384798,421367179.3937229,China
1921-01-01,7915782.652331814,-390921439.11629546,393710869.2589211,China
1922-01-01,20942871.59614429,-399698890.1462372,422642858.039669,China
1923-01-01,33939430.2972628,-374582377.181654,463347608.9338372,China
1924-01-01,46894271.251813486,-390129058.8095197,420799473.9880943,China
1925-01-01,23222894.121514015,-392861943.10014856,435533006.6001099,China
1926-01-01,36249988.14086153,-383428598.4941594,424142011.6968327,China
1927-01-01,49246552.09870048,-378572743.7653667,454721520.52603287,China
1928-01-01,62201398.30997103,-320917266.1783241,466924873.70309186,China
1929-01-01,38530026.45078774,-334918089.6283935,449955801.0196092,China
1930-01-01,51557120.33651084,-363882468.6957782,450896775.0608021,China
1931-01-01,64553684.16062509,-343292701.815773,478874953.43083984,China
1932-01-01,77508530.23816626,-323522633.43150824,475291913.22119004,China
1933-01-01,53837158.24485653,-346945824.9334335,458369460.2853807,China
1934-01-01,66864254.947545335,-344422058.7985647,460942400.6645622,China
1935-01-01,79860821.58854273,-329250292.2481997,496902140.3109336,China
1936-01-01,92815670.48306572,-325600028.53089386,513215747.6949178,China
1937-01-01,69144301.35584137,-319275789.58628803,473846691.48945785,China
1938-01-01,82171398.09981798,-322735754.4317755,521387795.3176872,China
1939-01-01,95167964.78217743,-324970338.93239695,525232026.20367527,China
1940-01-01,108122813.71797408,-294127330.0282765,506651781.2598046,China
1941-01-01,84488751.45300609,-322962386.7427909,462492749.17193085,China
1942-01-01,97553053.12788032,-313322536.5057004,475462471.47502315,China
1943-01-01,110586824.7411221,-301089399.05224216,515343799.1043663,China
1944-01-01,123578878.60779287,-272304288.756967,526624074.49301463,China
1945-01-01,100154725.40676676,-278612099.10007703,469288274.14012337,China
1946-01-01,113428362.62355247,-327923202.5693041,511017420.73344815,China
1947-01-01,126671469.77872856,-302628766.0970729,495298567.66439956,China
1948-01-01,145305257.74512994,-283826950.1569064,519090085.2799638,China
1949-01-01,127328386.38568139,-277864476.4835614,542531296.3785944,China
1950-01-01,146034422.16031075,-270310375.0264733,560990662.315765,China
1951-01-01,164709927.8733463,-241269421.79042995,602288807.3644402,China
1952-01-01,194766091.6626903,-222928427.7005213,592776220.7666773,China
1953-01-01,188242890.30653742,-208553640.92989555,588336424.5567316,China
1954-01-01,218371301.90407652,-192393672.38731593,597864761.6642456,China
1955-01-01,248469183.4400521,-147419211.05234313,638287358.9866894,China
1956-01-01,284456929.3579134,-112306555.48419225,678651064.239211,China
1957-01-01,283881561.0401759,-114545420.9537819,672658733.131309,China
1958-01-01,319941554.7662363,-58085811.37532197,694069595.9422872,China
1959-01-01,355971018.4306802,-19064748.922891717,758261437.1769556,China
1960-01-01,391958793.3454494,-19499527.76560454,788416946.2633045,China
1961-01-01,391383454.1040599,-32668187.212455958,785353416.345035,China
1962-01-01,427443476.8270177,13379871.135438249,845394310.9473754,China
1963-01-01,479395923.59996855,56682864.599885136,884501492.7423172,China
1964-01-01,531306652.6263298,118356749.99204943,959949992.4169039,China
1965-01-01,546697892.0283351,132956837.63431372,971598758.4045259,China
1966-01-01,598680868.8628868,187104907.5817709,996974942.470224,China
1967-01-01,662041951.4266375,256831974.10257152,1071824070.3973762,China
1968-01-01,725361316.2438017,324388812.4430469,1127796696.4978104,China
1969-01-01,752192447.9730198,380735324.94121945,1186883089.1999958,China
1970-01-01,815584060.5983747,408257633.72995746,1234034437.052981,China
1971-01-01,894141106.0209435,428552569.7146705,1288343025.8370168,China
1972-01-01,972656433.6969273,586676592.3441439,1368935245.9630892,China
1973-01-01,1014725161.0599245,615081659.6885281,1432287047.4650862,China
1974-01-01,1098229155.880089,694234005.245678,1518322270.7622607,China
1975-01-01,1181702620.638636,744329232.1262476,1559468467.1795413,China
1976-01-01,1265134367.6506035,883231417.5279903,1668504622.9405656,China
1977-01-01,1312132983.9916005,908265314.1024196,1717480086.1931977,China
1978-01-01,1400252204.3387406,984514952.3560468,1793380851.9000504,China
1979-01-01,1488340894.6242583,1065176693.9588321,1871092276.1142967,China
1980-01-01,1576387867.1631954,1134000220.265753,1956873279.9735348,China
1981-01-01,1628014353.4846723,1216236138.3992977,2008957450.9566486,China
1982-01-01,1716855283.375196,1279172296.8969753,2134975748.6873565,China
1983-01-01,1805665683.2041173,1378477444.3821125,2221405067.5838776,China
1984-01-01,1894434365.2864676,1506534770.7584774,2311685377.0612335,China
1985-01-01,1953308874.6828017,1564582662.2470596,2353644087.5231757,China
1986-01-01,2048656314.763099,1646067510.356836,2458236263.379369,China
1987-01-01,2143973224.7817411,1740642013.8679492,2555230081.0985756,China
1988-01-01,2239248417.05384,1815123799.0651577,2662182219.1457467,China
1989-01-01,2319484493.457193,1905870996.0700321,2747263008.803511,China
1990-01-01,2436135135.607333,2028277276.2039206,2879269888.608444,China
1991-01-01,2552755247.69585,2135360541.8250446,2985888638.2138653,China
1992-01-01,2669333642.037762,2251942854.5760565,3073584643.855305,China
1993-01-01,2801547338.03068,2361572546.703606,3190330589.431606,China
1994-01-01,2970033584.416298,2599971896.3670073,3397749181.327255,China
1995-01-01,3138489300.740304,2730637226.96098,3542487881.757478,China
1996-01-01,3383720640.3470116,2972392491.622991,3799795256.303724,China
1997-01-01,3592962135.8378353,3208771058.499782,4043931079.8672686,China
1998-01-01,3838265723.2527347,3472594329.2078624,4231452386.8209248,China
1999-01-01,4083538780.606054,3674091827.021421,4487401543.71442,China
2000-01-01,4433680392.477651,4042237544.1233635,4830217794.125624,China
2001-01-01,4748119585.636723,4345376606.78361,5170578622.016678,China
2002-01-01,5098333445.316467,4693823577.582462,5507758750.247111,China
2003-01-01,5448516774.934616,5054883911.179122,5846048525.44729,China
2004-01-01,5798658386.806095,5432035626.043062,6217061614.491218,China
2005-01-01,6113097579.965275,5679595840.495843,6503839394.991117,China
2006-01-01,6463311439.644952,6058566278.955381,6876070257.856291,China
2007-01-01,6813494769.263096,6398134666.55995,7210361867.92516,China
2008-01-01,7163636381.134658,6770300485.098993,7568520620.665188,China
2009-01-01,7478075574.293733,7081406214.451569,7885892743.806368,China
2010-01-01,7828289433.973485,7413194754.732092,8228092451.652505,China
2011-01-01,8178472763.591632,7790004534.075315,8584008460.528476,China
2012-01-01,8528614375.463176,8111892835.860107,8960547796.855347,China
2013-01-01,8843053568.622305,8437673558.6628685,9272047316.293139,China
2014-01-01,9193267428.302061,8765591046.261492,9602649344.723227,China
2015-01-01,9543450757.920103,9131870976.67589,9959204144.445734,China
2016-01-01,9893592369.791693,9525770502.689869,10320275863.41209,China
2017-01-01,10208031562.95077,9797729702.831327,10580547277.340462,China
2018-01-01,10558245422.630516,10135099313.918278,10963902911.857388,China
2019-01-01,10908428752.248678,10519093752.802542,11327721425.243448,China
2020-01-01,11258570364.12022,10822330465.313038,11673034901.822653,China
2021-01-01,11573009557.279306,11151884061.620731,11990853622.819864,China
2022-01-01,11923223416.959106,11534074885.92213,12329525687.091932,China
2023-01-01,12273406746.57723,11861582518.337557,12682282437.137249,China
2023-12-31,12658499224.631895,12262793099.098167,13048140521.314896,China
2024-12-31,12973637150.857416,12573261972.929539,13358144793.025726,China
2025-12-31,13323662124.081936,12923647224.413172,13694110064.086742,China
2026-12-31,13673612396.244837,13253224514.84212,14070204003.783482,China
2027-12-31,14023477218.960373,13629478897.611084,14459963084.919773,China
2028-12-31,14338615145.185932,13941748030.454994,14770383997.20011,China
2029-12-31,14688640118.410536,14249564739.54601,15115345291.953001,China
2030-12-31,15038590390.573336,14603323464.987082,15479641631.96114,China
2031-12-31,15388455213.288996,14943299363.844183,15810026948.076113,China
2032-12-31,15703593139.514551,15220494682.561666,16197281339.497467,China
2033-12-31,16053618112.738987,15592824275.225206,16493336567.660013,China
2034-12-31,16403568384.902021,15897127742.734594,16892014251.757578,China
2035-12-31,16753433207.617481,16235354742.482557,17300790179.822845,China
2036-12-31,17068571133.842974,16523965690.104929,17593148682.498745,China
2037-12-31,17418596107.06742,16888012283.382076,17991906521.99563,China
2038-12-31,17768546379.230453,17199160342.65859,18322896850.86342,China
2039-12-31,18118411201.945915,17529793969.03855,18710997442.615128,China
2040-12-31,18433549128.17147,17808854109.126034,19060000213.935818,China
2041-12-31,18783574101.396057,18161731505.567104,19398615479.26268,China
2042-12-31,19133524373.558903,18424824797.936127,19845614697.760525,China
2043-12-31,19483389196.27456,18760601084.162045,20194986390.359142,China
2044-12-31,19798527122.50014,19063561103.094833,20555611818.750965,China
2045-12-31,20148552095.72454,19392126600.22891,20967599011.181965,China
2046-12-31,20498502367.887432,19639321068.425446,21326635285.151085,China
2047-12-31,20848367190.603054,19965228880.361202,21682204565.591373,China
2048-12-31,21163505116.828583,20227806331.23658,22101547185.244823,China
2049-12-31,21513530090.052986,20582731044.971115,22465593657.205063,China
2050-12-31,21863480362.21597,20847573609.381123,22947816903.51673,China
2051-12-31,22213345184.931503,21159618916.331177,23248689518.39239,China
2052-12-31,22528483111.157024,21441119908.9211,23566033867.994625,China
1800-01-01,-132006716.1656706,-496703809.18465286,252606225.98397255,United States
1801-01-01,-111267396.13414505,-494077850.9835297,273868215.7438249,United States
1802-01-01,-90056037.55848587,-458963640.00940293,297468863.31535894,United States
1803-01-01,-68394768.66007641,-437505259.2458538,307066615.9242598,United States
1804-01-01,-46306453.486995,-419827888.59580815,347215033.00461376,United States
1805-01-01,-99695085.7102318,-498807192.6432301,271127115.1298234,United States
1806-01-01,-78483727.13515475,-457158582.7980479,312042039.94584686,United States
1807-01-01,-56822458.23612009,-461559512.7717058,302240718.2965057,United States
1808-01-01,-34734143.09464,-412904714.5848606,343618223.61438465,United States
1809-01-01,-88122775.35028191,-465042253.72149265,286246321.0239791,United States
1810-01-01,-66911416.80627711,-413375587.54063874,328656792.4837233,United States
1811-01-01,-45250147.938633785,-416737649.36702865,316533056.13426995,United States
1812-01-01,-23161832.798077673,-412317569.4334737,352850472.63148457,United States
1813-01-01,-76550465.0529803,-439169262.88073087,334005825.95345056,United States
1814-01-01,-55339106.508691624,-416609002.6370167,359574099.03485584,United States
1815-01-01,-33677837.690834075,-418799010.1938453,344734996.9729381,United States
1816-01-01,-11589522.598497435,-421733260.7499332,350341221.0800432,United States
1817-01-01,-64978154.90276961,-439119444.79744273,306224544.45897454,United States
1818-01-01,-43766796.40762851,-431028169.93398386,342608347.8229349,United States
1819-01-01,-22105527.589177966,-432583464.63600934,333431109.57446116,United States
1820-01-01,-17212.4966776222,-362775688.0700808,381192697.3399791,United States
1821-01-01,-53405844.800909504,-408244267.77260345,328775386.30563927,United States
1822-01-01,-32194485.98978947,-410225901.116578,310495393.2449944,United States
1823-01-01,-10533216.854963526,-359637720.8130298,398394646.59910494,United States
1824-01-01,11555098.553146511,-361561462.02950865,376148070.09449846,United States
1825-01-01,-41833533.43349099,-438823499.80796576,347054234.578944,United States
1826-01-01,-20622174.622792512,-421447570.027932,352554237.9911877,United States
1827-01-01,1039094.5120777786,-371697936.0594345,382354890.0297409,United States
1828-01-01,23127409.920807987,-387594242.3647493,384559769.57333314,United States
1829-01-01,-30261222.087545365,-401899126.8607055,353379430.1221342,United States
1830-01-01,-9049863.296788424,-396496990.6852807,328391664.3798469,United States
1831-01-01,12611405.81721519,-352156298.33125454,371218772.2951286,United States
1832-01-01,34699721.20534846,-316157139.0897042,416796467.2703773,United States
1833-01-01,-18688910.80303791,-393809610.9730654,364671075.73312235,United States
1834-01-01,2522447.987365961,-372033887.3914207,372861332.2285414,United States
1835-01-01,24183717.100923494,-350012317.2391839,410948268.0566433,United States
1836-01-01,46272032.488854036,-310177458.6635568,443434510.6433297,United States
1837-01-01,-7116599.467611343,-378362821.4973674,335762385.18842953,United States
1838-01-01,14094759.373520374,-375291371.9466447,375689421.1638056,United States
1839-01-01,35756028.53865075,-347035181.786655,394778024.83973694,United States
1840-01-01,57844343.97760624,-312721548.29181665,447799084.7264482,United States
1841-01-01,4455712.020564526,-360887842.0643074,381851967.02706206,United States
1842-01-01,25667070.862294406,-371070508.47046155,438621420.4342034,United States
1843-01-01,47328340.02745329,-329622624.3418154,409158215.4370022,United States
1844-01-01,69416656.42667815,-298836651.57135856,433372579.8736405,United States
1845-01-01,16028025.433793217,-348788094.2065568,410857646.33498573,United States
1846-01-01,37239385.23612225,-331979732.1174086,400806942.66538554,United States
1847-01-01,58900655.361640304,-307577657.01696706,403332705.1508263,United States
1848-01-01,80988971.76142173,-298007098.09634614,446443133.2468291,United States
1849-01-01,27600340.768482447,-337800603.22085214,423958799.8175168,United States
1850-01-01,48811700.57044041,-344873793.2531536,424429575.209671,United States
1851-01-01,70473579.8284877,-328938053.7142602,448375232.60108185,United States
1852-01-01,92562505.36046995,-296773384.24823433,463985793.8699446,United States
1853-01-01,39174485.1678493,-341601022.5517757,421427297.444332,United States
1854-01-01,60386454.10265571,-292758944.36005855,429776694.9570134,United States
1855-01-01,82048333.36070862,-314857291.3564026,465371515.2739901,United States
1856-01-01,104137258.89223972,-292813912.54805285,472504265.92518795,United States
1857-01-01,50749238.70016405,-333105612.8946107,417624201.5488124,United States
1858-01-01,71961212.30055055,-307292557.24864864,427347433.84817094,United States
1859-01-01,93623096.22478794,-296238428.0362941,439028666.8516171,United States
1860-01-01,115712026.42281032,-251461385.2207308,517049735.39816326,United States
1861-01-01,62324010.90961313,-330714094.194785,420134236.36273235,United States
1862-01-01,83535984.51047692,-298921914.98815423,461687620.8274535,United States
1863-01-01,105197868.43420212,-260167719.0460154,464972722.7052336,United States
1864-01-01,127286798.63211131,-260708138.44597134,496305281.2488153,United States
1865-01-01,74750142.04183155,-318696886.0858216,454948185.19814354,United States
1866-01-01,96811148.44804141,-274971281.6629391,468197631.6331569,United States
1867-01-01,119322065.17760216,-264196136.0106431,489536717.7725618,United States
1868-01-01,142260028.18131363,-242870526.9793689,522534086.4463553,United States
1869-01-01,89723371.59080055,-263913656.05331597,461207672.70927364,United States
1870-01-01,111784377.99688712,-254974788.93090287,502585831.36932194,United States
1871-01-01,134295294.7267607,-241577098.53381893,507583563.0833366,United States
1872-01-01,162690524.90986872,-210044108.7286456,544018418.730867,United States
1873-01-01,115626086.9161278,-269485599.1751308,490700942.861075,United States
1874-01-01,143144360.5023157,-223675169.78456575,537751917.0307834,United States
1875-01-01,171112544.41150278,-196007300.03210366,546216512.1028516,United States
1876-01-01,199507774.59470242,-148564181.78698036,572132864.6281406,United States
1877-01-01,152443336.60080516,-230054658.12311885,513165707.1124976,United States
1878-01-01,179961610.18702528,-190212432.27340248,561568751.4314541,United States
1879-01-01,215838720.44711596,-157474049.0076146,572199319.4809089,United States
1880-01-01,252142876.9814371,-134141149.87273608,632428538.3349838,United States
1881-01-01,213009033.62966284,-196176739.143309,592067692.628538,United States
1882-01-01,248436233.56617472,-127903045.69626309,605022677.7525871,United States
1883-01-01,284313343.8265597,-101573237.1667746,643056422.6406333,United States
1884-01-01,320617500.36071277,-39278717.49518699,692365999.9320341,United States
1885-01-01,281483657.00869477,-98318938.77796392,653034313.9376123,United States
1886-01-01,324807004.9348947,-42101985.2290891,695904279.8580861,United States
1887-01-01,368580263.18448764,4055820.214007507,750547554.6450624,United States
1888-01-01,412780567.7077462,52329400.00017616,760523756.665029,United States
1889-01-01,381564505.6275482,30456912.029051222,765238584.917689,United States
1890-01-01,424887853.55373865,47380012.88931997,788822225.4446994,United States
1891-01-01,468661111.80303705,94492602.72814701,844568374.6491667,United States
1892-01-01,512861416.3266742,101135589.58663091,874805583.3018074,United States
1893-01-01,481645354.2463032,139202544.29317814,880472683.7426947,United States
1894-01-01,530171061.6518873,139411015.7226008,922084093.5568415,United States
1895-01-01,579146679.3807921,212482980.73378062,949963215.3532897,United States
1896-01-01,628549343.3840392,239899126.7917811,1019137970.7395205,United States
1897-01-01,602549893.8231266,234018149.2453064,975870102.8505408,United States
1898-01-01,651075601.2286386,266048239.28750187,1001069488.166657,United States
1899-01-01,700051218.9579142,321014765.7562006,1087256951.859517,United States
1900-01-01,749453882.9607983,374540333.302936,1127956931.297072,United States
1901-01-01,799260026.512661,436546065.5493728,1218853539.7814748,United States
1902-01-01,849445414.067126,471854075.75805426,1238964021.0869877,United States
1903-01-01,899985176.9034425,548084658.5268989,1250413204.5744352,United States
1904-01-01,950853849.3631215,593715910.2349266,1290766777.5141683,United States
1905-01-01,920164566.5456765,546246774.8915391,1317814838.4409285,United States
1906-01-01,970349954.1002084,579330242.4211617,1335786124.6916277,United States
1907-01-01,1020889716.936877,649797965.1798085,1396539687.1288543,United States
1908-01-01,1071758390.5760182,718221897.6143063,1454307218.7835565,United States
1909-01-01,1041069108.9417878,688173531.0470058,1423977175.962781,United States
1910-01-01,1091254497.676536,697672770.1149523,1453615055.8475418,United States
1911-01-01,1141794261.6926928,775304301.6840557,1516005237.4161909,United States
1912-01-01,1192662935.3319225,836070539.5555412,1579300331.464247,United States
1913-01-01,1161973653.6977353,777152973.0294274,1555342063.6607008,United States
1914-01-01,1212159042.4323502,821314804.5467609,1575428994.8593812,United States
1915-01-01,1262698807.0578814,878938068.9807681,1652958012.7156963,United States
1916-01-01,1313567481.3062727,911801806.4891441,1693076152.296497,United States
1917-01-01,1282878200.2827895,875013346.8688648,1658857357.6629486,United States
1918-01-01,1333063589.6264412,936558562.2645832,1715458093.0904274,United States
1919-01-01,1383603354.25208,994409907.9712389,1804905347.3473115,United States
1920-01-01,1434472028.5005608,1063031134.6510124,1813523524.6265872,United States
1921-01-01,1403782747.4771562,1002200579.3625438,1782994401.3777802,United States
1922-01-01,1453968136.936266,1056883735.48907,1879533949.3843665,United States
1923-01-01,1504507901.6771498,1110880425.8011875,1861489483.5308502,United States
1924-01-01,1555376576.0410776,1174989817.930917,1966631850.890377,United States
1925-01-01,1524687295.1333537,1123705276.7168717,1933917516.853359,United States
1926-01-01,1574872684.5922134,1165443762.9312756,1934357098.6145163,United States
1927-01-01,1625412449.3331141,1260642411.1082587,2000736554.2217803,United States
1928-01-01,1676281123.6970608,1290645092.9271078,2073934957.5641096,United States
1929-01-01,1648839302.0207303,1280788755.477108,2053244394.1780515,United States
1930-01-01,1702263277.8717523,1334172233.2962186,2068564884.8613102,United States
1931-01-01,1756041629.0046012,1405996266.1605732,2107422058.620576,United States
1932-01-01,1810148889.7604856,1408595746.8016918,2199182156.499694,United States
1933-01-01,1782707068.0840645,1406047538.697566,2154683046.540977,United States
1934-01-01,1836131043.9350944,1477490762.4950583,2222351228.6716065,United States
1935-01-01,1889909395.0677664,1503392175.8195257,2290170957.743768,United States
1936-01-01,1959801119.903387,1568228188.33624,2354873431.287985,United States
1937-01-01,1948187007.4137354,1581350125.5128477,2291663580.509111,United States
1938-01-01,2017395447.344451,1639275392.6705418,2387256396.7004275,United States
1939-01-01,2086958262.5569735,1702375956.477259,2473818068.943715,United States
1940-01-01,2156849987.3925557,1762995532.942486,2551398200.087664,United States
1941-01-01,2145235874.902975,1777399516.9587862,2523952480.4619474,United States
1942-01-01,2214444314.8336716,1844361430.3177521,2574430796.7966876,United States
1943-01-01,2296636932.7140813,1917977267.7717497,2684210721.7091045,United States
1944-01-01,2379158460.217531,1975754245.6293542,2732442019.0260134,United States
1945-01-01,2380208752.5949965,2032598153.0504713,2776848716.1160984,United States
1946-01-01,2462046995.1936526,2071774226.2771313,2829878671.7750053,United States
1947-01-01,2544239613.074135,2158893914.8392954,2928117892.466102,United States
1948-01-01,2626761140.5775323,2254070832.173995,2997630186.171931,United States
1949-01-01,2627811432.9550037,2245816587.808345,3022761195.898695,United States
1950-01-01,2709649675.553644,2346930302.7891617,3070438638.4613733,United States
1951-01-01,2792727330.9905157,2420356069.335401,3183410999.3018603,United States
1952-01-01,2876133896.0502863,2478211112.507583,3265692315.56918,United States
1953-01-01,2878071650.7446003,2492551571.4327326,3253938156.3004875,United States
1954-01-01,2960794930.8995423,2580952843.498687,3318200803.1694326,United States
1955-01-01,3043872586.3364086,2645105704.224786,3419205083.1319747,United States
1956-01-01,3127279151.396231,2761908852.8038054,3497295754.1479063,United States
1957-01-01,3129216906.090498,2768629042.5519648,3510432836.248585,United States
1958-01-01,3211940325.1086397,2846781580.598556,3595730265.2696495,United States
1959-01-01,3295018119.408589,2918378199.798975,3671673825.3146563,United States
1960-01-01,3378424823.331563,2982669842.7975917,3766431474.0421286,United States
1961-01-01,3380362717.2694235,3014351073.2664,3762368850.0330777,United States
1962-01-01,3463086136.2875547,3099091465.6962523,3860753714.3303275,United States
1963-01-01,3546163930.5875354,3171907257.940603,3921419656.381343,United States
1964-01-01,3629570634.510517,3229884198.674061,4007208419.60178,United States
1965-01-01,3631508528.419987,3251652516.877171,3984078892.5091,United States
1966-01-01,3714231947.409829,3331278029.784141,4080410174.187667,United States
1967-01-01,3797309741.68151,3445747906.705529,4146631517.5371614,United States
1968-01-01,3880716445.5761967,3498820340.874078,4252535569.129187,United States
1969-01-01,3882654339.4856606,3505603505.126673,4242289143.088228,United States
1970-01-01,3965377758.4755096,3580043320.3938003,4344391576.194027,United States
1971-01-01,4048455552.747185,3651633336.0594163,4421795174.3151865,United States
1972-01-01,4131862256.2465878,3740732952.353072,4522917409.306252,United States
1973-01-01,4133800149.759693,3742468948.9172916,4476555811.87759,United States
1974-01-01,4216523568.3542705,3821298415.6226273,4608842428.092568,United States
1975-01-01,4299601362.230657,3934661162.119346,4648589830.432775,United States
1976-01-01,4383008065.730059,3997406504.8333244,4765135837.813126,United States
1977-01-01,4384945959.243167,3994412980.684275,4748737057.295069,United States
1978-01-01,4467669377.8377495,4090435285.8778505,4840791784.475111,United States
1979-01-01,4521945844.276891,4141347824.272749,4886942088.619394,United States
1980-01-01,4576551220.339053,4213021512.3725243,4993509327.106364,United States
1981-01-01,4549608878.668532,4186738899.9700274,4909550198.850819,United States
1982-01-01,4603530969.825846,4230275914.4353876,4992216843.614523,United States
1983-01-01,4657807436.264997,4284101980.3668165,5075484268.248254,United States
1984-01-01,4712412812.3271885,4342493213.101952,5077348931.595104,United States
1985-01-01,4685470470.656622,4304374472.197474,5073207274.37318,United States
1986-01-01,4739392561.813991,4378442988.829481,5116111060.248543,United States
1987-01-01,4793669028.253082,4437604765.405767,5192647733.622989,United States
1988-01-01,4848274404.315283,4430166830.758759,5257876883.434344,United States
1989-01-01,4821332062.644708,4425334124.679251,5192912830.986752,United States
1990-01-01,4875254153.80208,4462176450.85915,5234310455.777628,United States
1991-01-01,4929530620.241244,4566976170.880405,5328192663.105024,United States
1992-01-01,4984135996.303369,4612903266.624804,5365746596.833921,United States
1993-01-01,4957193654.632825,4559486520.61142,5318578555.90652,United States
1994-01-01,5011115745.790182,4644814669.438269,5354466691.816737,United States
1995-01-01,5065392212.229366,4700832287.278763,5443803390.871871,United States
1996-01-01,5119997588.291492,4737474788.0852995,5483781636.207385,United States
1997-01-01,5093055246.620992,4712980488.253443,5457218549.229623,United States
1998-01-01,5146977337.77828,4800508512.499067,5527561914.7304325,United States
1999-01-01,5201253804.217444,4823643744.823123,5575967446.546658,United States
2000-01-01,5255859180.279729,4864314030.502851,5671627447.881362,United States
2001-01-01,5228916838.609131,4873697003.09354,5609207913.6182785,United States
2002-01-01,5282838929.766475,4905520542.925858,5670208766.404973,United States
2003-01-01,5337115396.205661,4995630787.757524,5726006385.432315,United States
2004-01-01,5391720772.267666,5014512553.114564,5751641247.138826,United States
2005-01-01,5364778430.597311,4969229497.355737,5727620696.944988,United States
2006-01-01,5418700521.7544985,5038041381.340069,5799184227.972321,United States
2007-01-01,5472976988.19369,5077432051.855734,5856762264.024427,United States
2008-01-01,5527582364.255881,5138286298.662756,5926880340.459631,United States
2009-01-01,5500640022.585292,5125372175.700494,5888813454.155364,United States
2010-01-01,5554562113.742651,5173841337.394112,5917854140.425883,United States
2011-01-01,5608838580.181834,5220800204.338143,6007339061.5257,United States
2012-01-01,5663443956.243989,5305273835.956953,6058856895.95448,United States
2013-01-01,5636501614.573528,5277697191.276165,6046999157.400724,United States
2014-01-01,5690423705.73089,5325542817.246937,6053328180.754016,United States
2015-01-01,5744700172.169854,5378560245.437721,6078724861.365501,United States
2016-01-01,5799305548.232103,5420696500.307562,6160073076.157764,United States
2017-01-01,5772363206.56152,5428829461.659248,6142708498.73041,United States
2018-01-01,5826285297.718859,5473244965.996213,6221912352.499432,United States
2019-01-01,5880561764.158079,5476425284.291599,6266266273.389761,United States
2020-01-01,5935167140.220234,5552519857.2752285,6317019316.848562,United States
2021-01-01,5908224798.549668,5532202231.123302,6298618747.591931,United States
2022-01-01,5962146889.707136,5604964079.537784,6333306476.833477,United States
2023-01-01,6016423356.146271,5664388359.07923,6410015282.8860035,United States
2023-12-31,6156349651.597491,5786067685.3436575,6527588380.477963,United States
2024-12-31,6125936992.6408825,5743967141.705771,6476318134.189374,United States
2025-12-31,6181121590.87459,5796108768.734891,6573302956.785109,United States
2026-12-31,6236555498.171622,5859531498.167702,6597017436.391397,United States
2027-12-31,6292211243.585467,5933686375.891513,6638499987.706941,United States
2028-12-31,6261798584.629014,5888782577.75114,6635154981.748472,United States
2029-12-31,6316983182.862897,5952299450.846916,6696868721.517331,United States
2030-12-31,6372417090.159703,5975763717.463702,6733466961.140709,United States
2031-12-31,6428072835.573878,6070399453.9784775,6801906191.542983,United States
2032-12-31,6397660176.617359,6016085186.119956,6791654657.172589,United States
2033-12-31,6452844774.850855,6072833045.311022,6830198530.581159,United States
2034-12-31,6508278682.148205,6143430027.623705,6873853371.554184,United States
2035-12-31,6563934427.561915,6183861287.422266,6942125134.436823,United States
2036-12-31,6533521768.605226,6163534642.47174,6916437498.174449,United States
2037-12-31,6588706366.838759,6207566544.209204,6976310044.519519,United States
2038-12-31,6644140274.136104,6249978890.243793,7023994872.78525,United States
2039-12-31,6699796019.549769,6327949633.881125,7096625902.442842,United States
2040-12-31,6669383360.593318,6279550805.325166,7060336061.599614,United States
2041-12-31,6724567958.827162,6338683067.689513,7116003415.635739,United States
2042-12-31,6780001866.1240635,6374131994.920891,7170808213.789846,United States
2043-12-31,6835657611.5382395,6443880586.093508,7249804119.881584,United States
2044-12-31,6805244952.581775,6406861938.031525,7218479040.834886,United States
2045-12-31,6860429550.815199,6484385350.244576,7251211685.04824,United States
2046-12-31,6915863458.112179,6522861772.320017,7323439649.577699,United States
2047-12-31,6971519203.526277,6562006144.268517,7377162415.756723,United States
2048-12-31,6941106544.569704,6567669299.936712,7343676401.494632,United States
2049-12-31,6996291142.803117,6585894807.863404,7408106724.127398,United States
2050-12-31,7051725050.100349,6653023399.641629,7466321014.888285,United States
2051-12-31,7107380795.514189,6702882099.023674,7527794483.758184,United States
2052-12-31,7076968136.557646,6676014191.018255,7496544416.239345,United States
1858-01-01,-16361974.571670353,-104112393.4211817,67434841.76423638,India
1859-01-01,-15457434.309415929,-104067625.4162514,78410222.81528981,India
1860-01-01,-14839469.218937255,-99634731.82331626,73548775.5768514,India
1861-01-01,-14244293.84888516,-101368552.51576078,75241084.0611535,India
1862-01-01,-13053875.38716244,-104394929.98156068,76561172.36291592,India
1863-01-01,-12149335.124911856,-107972750.45995834,82773826.52683814,India
1864-01-01,-11531369.749893762,-102281228.83142155,76376497.5506272,India
1865-01-01,-10936194.09455258,-102456241.6011409,83549256.05705298,India
1866-01-01,-9745775.348282684,-101040525.10190766,77725796.93005249,India
1878-01-01,178525.62196341902,-87355567.9132019,91010002.38105121,India
1879-01-01,1083066.1687462293,-93143019.78535034,92036617.60791817,India
1880-01-01,1701031.896933578,-89225918.83279748,92825703.58770566,India
1881-01-01,2296207.9064437263,-94105425.79827827,91837328.30658233,India
1882-01-01,3486627.0058743134,-84925978.85461977,95630099.58462329,India
1883-01-01,4391167.905842014,-86928214.33485249,97838797.46743503,India
1884-01-01,5009133.634026822,-87491728.04963528,89646915.60413402,India
1885-01-01,5604321.259500604,-86747885.83232225,90965433.7237814,India
1886-01-01,6794751.94319566,-74967344.26922841,98898994.63247317,India
1887-01-01,7699304.427408215,-76318065.61081858,99614937.25283958,India
1888-01-01,8317281.739841763,-88456105.8890234,99501502.43210071,India
1889-01-01,8912469.365325678,-77831666.61651543,105880786.53538436,India
1890-01-01,10102904.977431323,-79309135.34472926,101806187.41176552,India
1891-01-01,11007462.39005763,-84957848.8294776,103441260.20606276,India
1892-01-01,11625444.630911816,-74158073.07751627,99455347.52415939,India
1893-01-01,12220637.198325101,-79335303.7985708,103725635.07707676,India
1894-01-01,13411072.810427718,-80651017.96209508,101543219.4001271,India
1895-01-01,14315638.59795006,-77168135.40761034,102193247.83294213,India
1896-01-01,14933629.213694505,-73062487.83402048,102261015.24350028,India
1897-01-01,15528830.178935323,-71347888.46507233,105029261.04254265,India
1898-01-01,16719274.16592802,-76921396.36046614,109619859.92415522,India
1899-01-01,17623839.953453124,-69061272.67759882,106617606.58757906,India
1900-01-01,18241830.508271027,-67919670.19787548,111228798.76496586,India
1901-01-01,18573041.595440455,-65919100.820973895,113068008.62969765,India
1902-01-01,18617762.25000439,-72420008.51869655,110982990.7484035,India
1903-01-01,18376774.66662717,-69917494.17225602,102895921.37338561,India
1904-01-01,17851430.59917243,-77271404.78643475,117413858.13984151,India
1905-01-01,21881397.71201501,-70817450.97754505,103214551.161362,India
1906-01-01,21926195.76303222,-72420699.31090121,112516747.03940716,India
1907-01-01,21685285.576087855,-65360560.86164893,118394095.58257064,India
1908-01-01,21159941.508661106,-69516027.17845061,117531837.73881683,India
1909-01-01,25189917.22457219,-67846619.75211631,117572819.54863763,India
1910-01-01,25234723.855148487,-77070651.80993593,118578897.75618932,India
1911-01-01,24993822.247798428,-62329688.63642971,119763318.30130106,India
1912-01-01,24468486.75993962,-62565354.91087518,116341528.61650804,India
1913-01-01,28498462.475849353,-69532415.06022127,116664680.29446729,India
1914-01-01,28543269.53015194,-62859129.41433623,115439005.57620278,India
1915-01-01,28302368.346509412,-61353614.51903225,127538237.07761753,India
1916-01-01,27777033.28237009,-64319742.05161857,123102429.39834058,India
1917-01-01,31807009.423168242,-50097805.498529315,121523127.26383327,India
1918-01-01,31851816.47747535,-52325559.413922526,123826285.28933744,India
1919-01-01,31611091.7020392,-59749965.80214603,120786140.4952367,India
1920-01-01,31085933.046105117,-61362765.204372,116791605.14456098,India
1921-01-01,35116086.078417726,-56630898.067141,127382196.29016876,India
1922-01-01,35161069.540931836,-60104227.82520664,124774123.581262,India
1923-01-01,34920344.76550092,-52370983.95719148,121699060.20421815,India
1924-01-01,34395186.303541794,-51245894.58461756,128006482.11999102,India
1925-01-01,38425339.53037453,-51234261.19433294,127628263.7524484,India
1926-01-01,38470323.18687877,-54997886.986111134,129352040.43692711,India
1927-01-01,38229598.60543074,-56465742.97491871,129917104.65243927,India
1928-01-01,37704440.14347215,-52406142.41555584,119893418.94249451,India
1929-01-01,41734804.93786295,-35701095.458345294,140321327.84084937,India
1930-01-01,41779999.58386622,-52478872.1768012,125958332.95377575,India
1931-01-01,41539485.99192434,-48601135.94297522,128893855.3390154,India
1932-01-01,41014538.519472666,-41549166.73864852,137633490.00424507,India
1933-01-01,45044903.313870244,-48897256.04735605,131861059.43091635,India
1934-01-01,45090698.72856421,-43415362.543246046,132775958.43557945,India
1935-01-01,44850785.905323066,-46540477.35437792,137848922.7287112,India
1936-01-01,44326439.20155989,-48950565.13029553,132528369.34606126,India
1937-01-01,48357406.410587475,-41350997.62602071,138681842.91674125,India
1938-01-01,48403201.82528158,-43333976.39397907,139943911.26969728,India
1939-01-01,48164650.203188896,-36770979.57308004,142024969.28672892,India
1940-01-01,47641664.70058528,-48090740.15585758,140506674.13451305,India
1941-01-01,51673996.840085596,-35672901.50907721,137444074.3814865,India
1942-01-01,51721153.45593662,-37559069.843515314,143543328.53777424,India
1943-01-01,51482601.833845876,-39939586.46258734,147401119.34055278,India
1944-01-01,51119937.050023876,-41591897.07846244,136520460.71221247,India
1945-01-01,55313029.143145226,-36140161.72500923,142599682.51109052,India
1946-01-01,55520506.47777274,-32669394.006607685,146724325.3549682,India
1947-01-01,55442275.57445511,-39130830.61730185,141825002.93486416,India
1948-01-01,55079610.79063596,-36274763.47690192,138609354.5019884,India
1949-01-01,60724627.54194517,-29909625.23739798,159654919.28889647,India
1950-01-01,62380062.52749874,-25965912.975784797,149810691.31581518,India
1951-01-01,63749789.27510528,-34002155.733421296,150851618.64132524,India
1952-01-01,64835082.14221138,-26217308.624988962,161012905.4100855,India
1953-01-01,70480098.89351976,-14336125.942423647,159466101.39689246,India
1954-01-01,75283053.40015034,-21408932.732696235,157998454.91692418,India
1955-01-01,79800299.6688325,-8892017.203033134,170505829.79226846,India
1956-01-01,84033112.05701014,-7544344.564432257,170660873.8616284,India
1957-01-01,92834271.6705491,2222740.784684487,188596949.18659633,India
1958-01-01,97637226.1771776,3171053.07696314,186515155.60999653,India
1959-01-01,103619701.27159318,18512443.78626428,195374409.51903287,India
1960-01-01,109317742.4855008,23065994.57894296,202674553.8178216,India
1961-01-01,119588145.25032,26157354.986170717,207016592.38490087,India
1962-01-01,125856328.58267955,34080038.40722319,211316376.44009876,India
1963-01-01,133447743.81174096,42861800.31553087,225043866.81780657,India
1964-01-01,140754725.16029555,49054719.48326695,232930363.40016156,India
1965-01-01,152638476.1149263,64435780.116275944,246546980.53702155,India
1966-01-01,160515599.5819332,65615924.247669354,251609240.91289043,India
1967-01-01,168107014.81099474,83901424.97968133,261698555.95864606,India
1968-01-01,175859422.57696182,82661232.82641093,264204305.9944065,India
1969-01-01,188189820.29535544,96819406.65081756,276864835.353414,India
1970-01-01,196512370.17977482,108772022.43607625,289608924.57521576,India
1971-01-01,204549211.8262497,114939825.80561282,295839902.7617191,India
1972-01-01,212301619.5922171,122378784.77372727,303230929.1795374,India
1973-01-01,225604914.1608743,139783288.00413954,316857414.074502,India
1974-01-01,234897702.7074415,143923539.093661,325899692.76692927,India
1975-01-01,243904783.01606485,153796799.03528297,337080679.6345166,India
1976-01-01,252627429.44418073,161437987.95393273,340034469.2592505,India
1977-01-01,265930724.01283833,178802150.638712,359767412.58622783,India
1978-01-01,275269333.475811,184158873.91581997,366443879.5116643,India
1979-01-01,284322234.70084053,197462331.89837041,375945377.8563749,India
1980-01-01,293090702.0453622,200830291.081594,383209041.326299,India
1981-01-01,306439943.06718224,212105852.0527981,395497796.9012172,India
1982-01-01,315778552.53015614,227486048.22943434,406650043.2972315,India
1983-01-01,326923747.52520084,233349419.8052257,421325584.4197155,India
1984-01-01,337784508.63973594,247217355.26686054,423361602.08037466,India
1985-01-01,353231775.74327296,263920064.3011337,444590307.1927814,India
1986-01-01,364662678.9762594,275258545.10728115,453086668.7544477,India
1987-01-01,375807873.97130644,285017853.1120998,467096756.61383265,India
1988-01-01,401154628.9345282,314246101.2172028,493729252.4346477,India
1989-01-01,431127577.5411313,342117904.31803524,519198451.0415584,India
1990-01-01,457044474.6228054,356463076.2050778,548831463.9117002,India
1991-01-01,482675663.46653545,386510456.0716247,566226680.9620914,India
1992-01-01,508022418.4297633,413637799.64618975,595034577.346141,India
1993-01-01,583012104.2740833,495612797.267452,679715688.8216199,India
1994-01-01,653822742.0436467,563019309.5543869,746693931.3320639,India
1995-01-01,724347671.5752665,638737746.857183,810975776.063307,India
1996-01-01,794588167.2263819,702730443.2934854,886484746.7953265,India
1997-01-01,869577853.0707022,776975236.7432829,955373440.8485767,India
1998-01-01,940388490.8402678,853330333.8459787,1033756962.2513144,India
1999-01-01,1010913420.3718879,921722865.9618968,1103393532.4238322,India
2000-01-01,1081153916.0229933,983633791.4872867,1173915481.6149054,India
2001-01-01,1156143601.867323,1067670948.2816098,1252866005.7951252,India
2002-01-01,1226954239.6368847,1128305622.363986,1315545898.0154028,India
2003-01-01,1297479169.1685038,1205676613.283181,1387808807.2658658,India
2004-01-01,1367719664.8196268,1279871410.9767535,1464098674.4291437,India
2005-01-01,1442709350.663939,1347021853.2816722,1529345512.0104089,India
2006-01-01,1513519988.4335098,1425601824.8289137,1611471099.5633516,India
2007-01-01,1584044917.965128,1500237759.646238,1671484887.6022663,India
2008-01-01,1654285413.6162395,1563206614.411582,1754105468.3264976,India
2009-01-01,1729275099.4605649,1637344342.6791055,1819763638.9014764,India
2010-01-01,1800085737.2301283,1704437852.367109,1891893201.6609204,India
2011-01-01,1870610666.761748,1777940434.7985718,1959327288.3356056,India
2012-01-01,1940851162.412861,1843601997.3680534,2028480337.184047,India
2013-01-01,2015840848.2571814,1928035169.068565,2108806859.4421034,India
2014-01-01,2086651486.0267437,1991275806.904534,2177962783.6970553,India
2015-01-01,2157176415.558373,2074410106.8638792,2255829364.1785398,India
2016-01-01,2227416911.2094817,2140706410.6976516,2318546101.861524,India
2017-01-01,2302406597.0538063,2214471077.645979,2391754214.8973374,India
2018-01-01,2373217234.8233705,2283223310.3009033,2468712165.2825217,India
2019-01-01,2443742164.3549886,2355612097.614891,2542006113.4078975,India
2020-01-01,2513982660.0061007,2416952016.100391,2601195133.7923975,India
2021-01-01,2588972345.850425,2498753023.6187444,2676405319.112161,India
2022-01-01,2659782983.6199837,2569248177.9673977,2753307373.267413,India
2023-01-01,2730307913.151603,2640409899.2489824,2820201981.914449,India
2023-12-31,2792142891.705722,2698917488.1706142,2879083704.7107234,India
2024-12-31,2870506235.272432,2788638675.7381864,2965348762.4917297,India
2025-12-31,2940183644.95899,2854032692.8127375,3028110271.609116,India
2026-12-31,3009583374.500238,2918375248.9722233,3100374621.105339,India
2027-12-31,3078708640.502363,2985543137.6186056,3168513212.14436,India
2028-12-31,3157071984.069051,3061765951.9193726,3245120306.520668,India
2029-12-31,3226749393.755589,3130026359.8743863,3321907263.635435,India
2030-12-31,3296149123.296859,3201287489.2571626,3388450726.1870885,India
2031-12-31,3365274389.298941,3271346402.797726,3472515979.3133197,India
2032-12-31,3443637732.8656483,3348255974.5217223,3540510012.484442,India
2033-12-31,3513315142.552227,3410547946.284885,3611617480.02267,India
2034-12-31,3582714872.0934377,3477327465.5325365,3682488710.8922653,India
2035-12-31,3651840138.095569,3539701241.1875043,3758754258.5700073,India
2036-12-31,3730203481.662294,3622664027.519669,3833750567.581829,India
2037-12-31,3799880891.3488708,3685818020.6627264,3916638575.8478274,India
2038-12-31,3869280620.8900833,3746378723.0776076,3976036587.734605,India
2039-12-31,3938405886.892229,3818286793.2320886,4051739184.150123,India
2040-12-31,4016769230.4589143,3887180199.306878,4145283760.546376,India
2041-12-31,4086446640.1454577,3955019643.6499443,4217527939.195583,India
2042-12-31,4155846369.6867185,4026110272.4252844,4291961641.655373,India
2043-12-31,4224971635.6888013,4083169069.6600766,4351952928.357733,India
2044-12-31,4303334979.255506,4168165869.158476,4444279069.542621,India
2045-12-31,4373012388.942084,4224929254.1862817,4527907433.14317,India
2046-12-31,4442412118.483338,4287281857.2022424,4605229343.223269,India
2047-12-31,4511537384.485432,4347171195.186971,4681812331.88105,India
2048-12-31,4589900728.052141,4411479884.292145,4758201008.296716,India
2049-12-31,4659578137.738729,4490453866.638221,4836756452.854536,India
2050-12-31,4728977867.279956,4536864484.313514,4913770181.833315,India
2051-12-31,4798103133.282081,4609349833.0294695,4991274066.490799,India
2052-12-31,4876466476.848777,4684173248.731916,5067967542.710768,India
1792-01-01,-216243532.4839102,-794343425.2428561,320350960.7460384,European Union (27)
1793-01-01,-141263720.2688445,-717487712.6398269,417214192.80441624,European Union (27)
1794-01-01,-157186769.20663804,-677037357.581771,398324463.169683,European Union (27)
1795-01-01,-172570434.02854204,-712739008.5709608,431120668.2890446,European Union (27)
1796-01-01,-187386228.5688045,-765239255.6224478,389940012.1651764,European Union (27)
1797-01-01,-112406416.35357255,-651759934.0332419,460838218.1408729,European Union (27)
1798-01-01,-128329465.29186396,-707303536.6630973,390373870.5457881,European Union (27)
1799-01-01,-143713130.11297327,-699325206.9679015,440686679.5829714,European Union (27)
1800-01-01,-158528924.61353692,-694890882.4545704,431720822.5770177,European Union (27)
1801-01-01,-172749267.0731063,-716361810.5516508,407280853.7636554,European Union (27)
1802-01-01,-186347520.58283514,-763269782.05706,389924347.7402273,European Union (27)
1803-01-01,-199298031.9927141,-725262879.3754582,378544362.8525524,European Union (27)
1804-01-01,-211576169.22419396,-819925450.1636926,331773867.48545843,European Union (27)
1805-01-01,-143891962.99860778,-701624971.9294078,427647391.70074046,European Union (27)
1806-01-01,-157490216.50767148,-697263328.4934033,403036185.8763465,European Union (27)
1807-01-01,-170440727.91822407,-719177248.8346773,399462978.9138207,European Union (27)
1808-01-01,-182718865.13357636,-692604465.1610428,379346412.09807795,European Union (27)
1809-01-01,-115034658.89106068,-720408103.0288699,440296275.67554843,European Union (27)
1810-01-01,-128632912.38463151,-656395379.7812104,414399147.705155,European Union (27)
1811-01-01,-141583423.77930474,-719603920.8527719,459080106.70387703,European Union (27)
1812-01-01,-153861560.99375293,-688228940.8400477,410121144.85898924,European Union (27)
1813-01-01,-86177354.75193954,-677395263.8193389,458091558.7828531,European Union (27)
1814-01-01,-99775608.24584413,-668371273.717434,444037066.8604624,European Union (27)
1815-01-01,-112726119.44892743,-644234483.3073038,420068199.6807163,European Union (27)
1816-01-01,-125004256.47342822,-736154326.0754098,455696637.1577384,European Union (27)
1817-01-01,-57320050.04011619,-590342022.3368847,539103747.9123015,European Union (27)
1818-01-01,-70918303.34310049,-644192033.7152469,510628195.84756625,European Union (27)
1819-01-01,-83868814.54682088,-656991909.1289212,489624268.3994882,European Union (27)
1820-01-01,-96146951.57146564,-635479605.7394563,443956056.04925394,European Union (27)
1821-01-01,-28462745.138276696,-566013135.3510116,535992610.9801349,European Union (27)
1822-01-01,-42060998.36190307,-610679508.5713518,505611708.85776985,European Union (27)
1823-01-01,-55011509.48673773,-598601714.9313552,474045319.41194624,European Union (27)
1824-01-01,-67289646.43172723,-593981698.8236523,502476707.3596866,European Union (27)
1825-01-01,394560.0802434683,-570120363.817748,561236101.4078195,European Union (27)
1826-01-01,-13203693.142937183,-588170656.1451715,578139594.4066646,European Union (27)
1827-01-01,-26154204.26783645,-578516343.5648632,506319176.78169656,European Union (27)
1828-01-01,-38432341.21345216,-580363175.9387352,481689599.3209367,European Union (27)
1829-01-01,29251865.299463153,-488572886.49320376,612771160.5726063,European Union (27)
1830-01-01,15653611.958056748,-498282341.29011357,572821554.0921609,European Union (27)
1831-01-01,2703100.716002345,-560471997.5116158,539569004.8162155,European Union (27)
1832-01-01,-9575036.347039282,-609404046.897374,568939489.3981149,European Union (27)
1833-01-01,58109170.04826504,-510459702.52623624,654504724.7015841,European Union (27)
1834-01-01,44510916.70728648,-506701496.5799905,560918329.237927,European Union (27)
1835-01-01,31560405.465693653,-514316874.0926748,631018363.6466144,European Union (27)
1836-01-01,19282268.402825296,-593219853.4472264,580773830.7252172,European Union (27)
1837-01-01,86966474.65226758,-486328468.5206734,665719606.7558507,European Union (27)
1838-01-01,73368221.16687554,-476656475.9112516,628126240.531705,European Union (27)
1839-01-01,60417709.77998364,-524346215.43281275,633579115.7424656,European Union (27)
1840-01-01,48139572.572404504,-519303703.7758416,575010057.587789,European Union (27)
1841-01-01,115823778.82245666,-402312746.22407305,633868786.8086164,European Union (27)
1842-01-01,102225525.33640552,-450056893.85098535,653151285.9150734,European Union (27)
1843-01-01,89275013.94950175,-485399860.99464875,639661179.3422867,European Union (27)
1844-01-01,76996876.74253428,-489727906.1727416,646597736.3078085,European Union (27)
1845-01-01,144681083.87132156,-410854502.9565622,697614893.6490637,European Union (27)
1846-01-01,131082831.26264668,-418134244.71839327,709268064.9178541,European Union (27)
1847-01-01,118132320.75331968,-449296194.20500785,658845174.9633354,European Union (27)
1848-01-01,105854184.42282945,-450696897.8785154,689313227.811489,European Union (27)
1849-01-01,173538391.5516799,-381980468.2722274,715288810.0144111,European Union (27)
1850-01-01,159940138.94339198,-403780642.0079165,684624136.0218979,European Union (27)
1851-01-01,146989628.43363476,-395920725.032637,712563894.1166148,European Union (27)
1852-01-01,134712497.33115613,-423654849.68797463,649790326.3260522,European Union (27)
1853-01-01,202397712.44284862,-334778719.76680315,785450980.0662159,European Union (27)
1854-01-01,188800465.06182712,-350576560.63121015,781012335.7024795,European Union (27)
1855-01-01,175850959.78015774,-463474416.601731,737896603.0592227,European Union (27)
1856-01-01,163573828.67813426,-404456943.38534266,695802251.3943846,European Union (27)
1857-01-01,231259043.78922033,-360392410.3754545,822407742.0109372,European Union (27)
1858-01-01,217661796.40890497,-338676304.0525481,768084886.1420528,European Union (27)
1859-01-01,204712293.93752706,-325446245.1801873,774326612.6597234,European Union (27)
1860-01-01,192435165.6454975,-363399170.97647786,716977585.504127,European Union (27)
1861-01-01,260120383.57467884,-287228658.0663529,813790754.1753504,European Union (27)
1862-01-01,246523139.00413626,-357820669.92082787,801463500.4592272,European Union (27)
1863-01-01,233573636.53331983,-325205552.64489585,816622562.9107397,European Union (27)
1864-01-01,221296508.24140376,-347257388.77010596,760149416.0312266,European Union (27)
1865-01-01,288981726.17050433,-244202265.08145645,860564150.0395308,European Union (27)
1866-01-01,275384481.600156,-242552654.49553713,795445030.8763415,European Union (27)
1867-01-01,263093686.1547041,-304688935.78105545,838268156.9395652,European Union (27)
1868-01-01,251475264.88821518,-346102960.21904945,785527770.214312,European Union (27)
1869-01-01,319820994.52000284,-259088470.59424093,835139370.8618124,European Union (27)
1870-01-01,306882456.97549087,-272090565.5467539,920088106.5795068,European Union (27)
1871-01-01,294591661.52970886,-264100449.39682442,870905588.9926444,European Union (27)
1872-01-01,282973240.2636002,-263828689.1974965,846807489.1144089,European Union (27)
1873-01-01,351318969.8953398,-260854884.94881132,871994874.4858693,European Union (27)
1874-01-01,340271291.5655168,-195532129.05703405,890541338.8890743,European Union (27)
1875-01-01,329871355.33528763,-243622843.33734065,885170850.8371255,European Union (27)
1876-01-01,320143793.2841365,-234412849.12386146,899188415.5293074,European Union (27)
1877-01-01,390385562.5673337,-208010733.02759162,921717775.6406759,European Union (27)
1878-01-01,379337884.23746073,-192487071.37310842,1033302740.5780745,European Union (27)
1879-01-01,368937948.0070456,-179742750.56166932,951422620.2523851,European Union (27)
1880-01-01,359210385.95551574,-209664445.27743542,895004826.701144,European Union (27)
1881-01-01,432145496.82334423,-98394520.74959035,978588501.5627363,European Union (27)
1882-01-01,423783801.2219071,-157152039.023584,1027873653.202873,European Union (27)
1883-01-01,416069847.71909297,-135309293.0579418,985655250.4357146,European Union (27)
1884-01-01,409028268.395654,-161818737.86633807,955865703.6865826,European Union (27)
1885-01-01,481963379.26377887,-67792452.3106807,1040611172.1781453,European Union (27)
1886-01-01,473601683.66190326,-81824203.87957789,1027884884.3799189,European Union (27)
1887-01-01,465887730.15920985,-58032389.223587535,1021469407.8750365,European Union (27)
1888-01-01,458846150.8359853,-101117451.92777249,1034329410.9155445,European Union (27)
1889-01-01,534885061.44199187,-50979415.15600109,1067792044.393631,European Union (27)
1890-01-01,529618685.25126326,-43431031.97215561,1087747281.5900097,European Union (27)
1891-01-01,525000051.16000164,1741502.1068071125,1068187065.9042358,European Union (27)
1892-01-01,521053791.2475058,-28236307.198495585,1094909526.7319863,European Union (27)
1893-01-01,597092701.8536837,6374233.7052775435,1140686348.0839908,European Union (27)
1894-01-01,591826325.663198,12222088.723716954,1173078857.8468962,European Union (27)
1895-01-01,587207691.5719316,29408897.033707593,1133673403.2936406,European Union (27)
1896-01-01,586342012.3867002,32734775.90947836,1178792035.8429964,European Union (27)
1897-01-01,665469943.6671768,104636674.46074542,1167318629.3628373,European Union (27)
1898-01-01,663284148.2040392,79489594.46506183,1200500247.641753,European Union (27)
1899-01-01,661746094.839653,114914999.3891974,1218465844.7166278,European Union (27)
1900-01-01,660880415.6548014,51590344.08760919,1241785555.5092974,European Union (27)
1901-01-01,660710686.0068848,107748415.47428733,1172716685.8087523,European Union (27)
1902-01-01,661259390.5934515,90701106.49779123,1219198550.6541874,European Union (27)
1903-01-01,665356197.9603186,103979511.56466465,1215594769.5855618,European Union (27)
1904-01-01,670213010.0954126,158837192.90911067,1204873962.6834185,European Union (27)
1905-01-01,743681703.3170768,168907184.74564964,1302290515.7674918,European Union (27)
1906-01-01,747038714.5872715,159901917.64685333,1264802363.6734295,European Union (27)
1907-01-01,751135521.9538434,192178690.14984962,1343263026.3269556,European Union (27)
1908-01-01,755992334.0892372,182817581.02116615,1287198830.0583472,European Union (27)
1909-01-01,829461027.3108532,256168040.23859102,1423642477.315137,European Union (27)
1910-01-01,832818038.580735,236241449.34655893,1382953287.6382914,European Union (27)
1911-01-01,839475015.8525889,286325814.4853013,1426246823.7779558,European Union (27)
1912-01-01,846891997.8929026,240127428.60602596,1383043294.3155038,European Union (27)
1913-01-01,922927875.1835245,384599701.1227304,1510749557.3501413,European Union (27)
1914-01-01,928845056.3584901,397264772.5716671,1548051197.4512398,European Union (27)
1915-01-01,935502033.6301734,410019094.00450915,1501362274.8335242,European Union (27)
1916-01-01,942919015.6704743,358971549.75977373,1499798298.4105601,European Union (27)
1917-01-01,1018954892.9612377,456829327.6591884,1597557358.0064924,European Union (27)
1918-01-01,1027598285.6389703,465056067.723281,1539792521.1929214,European Union (27)
1919-01-01,1036981474.4132102,480555416.2893728,1581279589.7882295,European Union (27)
1920-01-01,1047124667.9560978,476223563.14437854,1591886667.42494,European Union (27)
1921-01-01,1125894225.8220637,608845926.4351013,1670250923.263169,European Union (27)
1922-01-01,1134537618.4997332,561603430.6207187,1706188252.4098837,European Union (27)
1923-01-01,1143920807.2740917,601285893.5870134,1720234124.5734067,European Union (27)
1924-01-01,1154064000.8169303,567447910.8331136,1718230673.4157863,European Union (27)
1925-01-01,1235314977.7742248,713815737.6909231,1816096369.8259628,European Union (27)
1926-01-01,1246433009.709878,664831973.5292805,1791479579.781597,European Union (27)
1927-01-01,1258290837.7419753,683612700.7036163,1804827155.6789854,European Union (27)
1928-01-01,1270908670.5425606,713694933.7142361,1816476785.3818867,European Union (27)
1929-01-01,1352159647.499865,776751413.4909806,1919462000.6165934,European Union (27)
1930-01-01,1363277679.4353228,807818295.6121135,1945026516.3313348,European Union (27)
1931-01-01,1375135507.4674256,799245711.0479434,1932326351.5664706,European Union (27)
1932-01-01,1387753340.2680252,827944804.8401909,1996171252.2313478,European Union (27)
1933-01-01,1470126214.1645489,920049241.8451031,2030971390.2462027,European Union (27)
1934-01-01,1482363077.7469888,938281599.0004058,2050051119.4691818,European Union (27)
1935-01-01,1495339737.426228,926958383.1339858,2046084890.2835426,European Union (27)
1936-01-01,1509076401.8737807,946930861.462676,2055107675.3731813,European Union (27)
1937-01-01,1591449275.7703087,1049308163.6749152,2129212585.7908015,European Union (27)
1938-01-01,1603686139.3527458,1043682091.0460664,2186509040.8694515,European Union (27)
1939-01-01,1616662799.0318413,1028794856.0220122,2158609816.229511,European Union (27)
1940-01-01,1630400087.4597554,1069112938.6742911,2193188958.698085,European Union (27)
1941-01-01,1712773587.0460973,1187107086.4097219,2276865269.035074,European Union (27)
1942-01-01,1725011074.6088958,1168434669.553263,2312436796.0734167,European Union (27)
1943-01-01,1737988358.268382,1182933299.8417482,2305297018.79355,European Union (27)
1944-01-01,1751725646.6963577,1218926600.2392876,2283301153.8585515,European Union (27)
1945-01-01,1834099146.282687,1252222034.7111962,2393913019.4366374,European Union (27)
1946-01-01,1846336633.8454676,1290618306.444838,2392255993.977145,European Union (27)
1947-01-01,1859313917.5048947,1302786022.3603463,2409057702.5112963,European Union (27)
1948-01-01,1873051388.1710482,1329074236.2064638,2424926910.8076034,European Union (27)
1949-01-01,1955425070.4947762,1436636475.4280193,2551058853.533425,European Union (27)
1950-01-01,1967662740.295705,1441183191.1383348,2516172575.8169227,European Union (27)
1951-01-01,1980640206.1932497,1414464997.5626702,2556553044.6487775,European Union (27)
1952-01-01,1994377676.8593988,1436506599.6688533,2543064952.912253,European Union (27)
1953-01-01,2076751359.183095,1505208968.9574769,2660845939.4820485,European Union (27)
1954-01-01,2088989028.9840858,1554345489.662646,2653178643.985143,European Union (27)
1955-01-01,2101966494.8788288,1506097539.3864613,2648454328.4137945,European Union (27)
1956-01-01,2115703965.5421338,1565891841.1100855,2699389053.5312157,European Union (27)
1957-01-01,2198077647.8630586,1647239073.4075046,2727590031.1317415,European Union (27)
1958-01-01,2210315317.661195,1660106905.409248,2771730198.608643,European Union (27)
1959-01-01,2223292783.55599,1689738657.1645792,2810615192.4304876,European Union (27)
1960-01-01,2237030254.219284,1689807531.4224193,2799294326.72761,European Union (27)
1961-01-01,2319403936.540202,1754058754.2594965,2895499569.796999,European Union (27)
1962-01-01,2331641606.4106116,1757611201.1386642,2881215121.102978,European Union (27)
1963-01-01,2344619072.3776436,1796136315.929411,2903682171.70052,European Union (27)
1964-01-01,2358356543.1131983,1789939124.1021416,2915310123.3135448,European Union (27)
1965-01-01,2440730225.5065956,1904482264.0594642,3026877529.5775185,European Union (27)
1966-01-01,2452967895.377,1925480473.0154054,2989590237.2930207,European Union (27)
1967-01-01,2465945361.344037,1933813969.5200832,3068101550.657064,European Union (27)
1968-01-01,2479682832.079591,1959442678.7694242,3026704413.712552,European Union (27)
1969-01-01,2562056514.472991,2014863155.4611268,3136047815.331784,European Union (27)
1970-01-01,2574294003.8069706,1983608502.0715742,3129787572.988069,European Union (27)
1971-01-01,2587271289.2375975,2033322960.595149,3165652624.183946,European Union (27)
1972-01-01,2601008579.436739,2055865907.8161812,3147391822.767273,European Union (27)
1973-01-01,2683382080.799098,2112417407.7481594,3268055120.86549,European Union (27)
1974-01-01,2695619570.1330714,2113418359.2930717,3233481324.2315006,European Union (27)
1975-01-01,2708596855.5637064,2157306752.288979,3231239089.577294,European Union (27)
1976-01-01,2722334145.7628455,2162064472.363025,3275896412.522063,European Union (27)
1977-01-01,2800229412.302623,2277623305.0749574,3333501842.5663476,European Union (27)
1978-01-01,2808000902.4282823,2272045398.6459193,3385876478.0243454,European Union (27)
1979-01-01,2816512188.6506104,2237032994.5683517,3351637386.774247,European Union (27)
1980-01-01,2825783479.6414456,2278751042.146561,3406915386.3225985,European Union (27)
1981-01-01,2903678746.1812057,2313494690.543645,3472331150.858725,European Union (27)
1982-01-01,2911450236.3068933,2334824459.684707,3457396247.53245,European Union (27)
1983-01-01,2919961522.529214,2358290086.9483347,3516664752.280179,European Union (27)
1984-01-01,2929232813.5200233,2379527808.14235,3455266161.638333,European Union (27)
1985-01-01,3007128080.059826,2455243786.9652963,3565290335.9952745,European Union (27)
1986-01-01,3014899570.1854606,2438581679.312278,3552224890.115739,European Union (27)
1987-01-01,3023410856.4078298,2449811780.834301,3561083124.1990886,European Union (27)
1988-01-01,3032682147.3986325,2471724061.006642,3661356947.167439,European Union (27)
1989-01-01,3110577413.9384475,2506151929.7925825,3693564780.261875,European Union (27)
1990-01-01,3118348904.0640774,2550552402.3149214,3654770292.8892436,European Union (27)
1991-01-01,3126860190.2863894,2569182460.0855217,3682576480.300142,European Union (27)
1992-01-01,3136131481.27725,2600905259.582241,3691562762.572944,European Union (27)
1993-01-01,3214026747.8170395,2628012432.0864396,3775783362.076594,European Union (27)
1994-01-01,3221798237.942683,2665545694.9840813,3817993489.6409655,European Union (27)
1995-01-01,3230309524.1649756,2655371330.341557,3717393827.192764,European Union (27)
1996-01-01,3239580815.1558375,2687497913.7729487,3784910045.5930405,European Union (27)
1997-01-01,3317476081.6955857,2690660971.9995594,3884625057.591402,European Union (27)
1998-01-01,3325247571.821292,2764442610.176437,3899174887.481414,European Union (27)
1999-01-01,3333758858.0436006,2791473509.244421,3848810553.6279397,European Union (27)
2000-01-01,3343030149.03434,2780680073.9921527,3861385859.0918217,European Union (27)
2001-01-01,3420925415.5741606,2838855433.3104634,3963734336.9607615,European Union (27)
2002-01-01,3428696905.699818,2889978428.5586214,4001254055.439906,European Union (27)
2003-01-01,3437208191.9221087,2923000572.7566013,3966987355.0573006,European Union (27)
2004-01-01,3446479482.9130673,2895778596.3712234,4045245012.3030863,European Union (27)
2005-01-01,3524374749.45269,2943027885.3037915,4035186837.42244,European Union (27)
2006-01-01,3532146239.578494,2940463626.9610744,4126279739.404433,European Union (27)
2007-01-01,3540657525.8007846,2978370434.518754,4100908321.365383,European Union (27)
2008-01-01,3549928816.791594,2968473265.0974298,4095250707.496956,European Union (27)
2009-01-01,3627824083.3314095,3049551565.077408,4195612068.9223347,European Union (27)
2010-01-01,3635595573.457052,3063497303.9849763,4170677904.586827,European Union (27)
2011-01-01,3644106859.6793447,3126205826.5397525,4188122222.2426343,European Union (27)
2012-01-01,3653378150.670192,3105338237.0977683,4212605422.030906,European Union (27)
2013-01-01,3731273417.209894,3184039084.6575427,4253367198.589009,European Union (27)
2014-01-01,3739044907.3355417,3178439877.2744446,4252935632.691132,European Union (27)
2015-01-01,3747556193.558026,3173901640.6206756,4325451810.277261,European Union (27)
2016-01-01,3756827484.5487795,3205942986.362478,4321732924.136051,European Union (27)
2017-01-01,3834722751.0886,3273982662.8901916,4355860149.626509,European Union (27)
2018-01-01,3842494241.2142634,3300429646.422624,4388018800.697099,European Union (27)
2019-01-01,3851005527.436539,3317090350.4269333,4402315897.224088,European Union (27)
2020-01-01,3860276818.427365,3287507991.4604497,4389850895.951964,European Union (27)
2021-01-01,3938172084.967165,3357578187.4605203,4462769102.725085,European Union (27)
2022-01-01,3945943575.0927153,3378321166.593627,4525954799.210625,European Union (27)
2023-01-01,3954454861.315056,3378891206.822189,4479410573.703505,European Union (27)
2023-12-31,3905324299.9823413,3333115678.364591,4454901088.427109,European Union (27)
2024-12-31,3973776475.0538135,3382307796.218938,4519040435.14677,European Union (27)
2025-12-31,3984623648.2783494,3424267309.8490834,4542288807.327527,European Union (27)
2026-12-31,3996284257.79447,3434023895.77428,4559736792.214017,European Union (27)
2027-12-31,4008773633.8609934,3446166094.992752,4596082384.586039,European Union (27)
2028-12-31,4077225808.9323997,3524786249.7839155,4645234971.558344,European Union (27)
2029-12-31,4088072982.156815,3526939649.749525,4621832534.643003,European Union (27)
2030-12-31,4099733591.673118,3518069898.398358,4683147694.4068775,European Union (27)
2031-12-31,4112222967.739444,3512673649.2455206,4657839093.781997,European Union (27)
2032-12-31,4180675142.810845,3603414424.5916257,4725678954.769052,European Union (27)
2033-12-31,4191522316.035508,3627276540.570971,4756926107.093988,European Union (27)
2034-12-31,4203182925.5514393,3653600419.814254,4746464393.770099,European Union (27)
2035-12-31,4215672301.6180897,3641116190.2147956,4751263116.968301,European Union (27)
2036-12-31,4284124476.689592,3737614413.06916,4846424468.384877,European Union (27)
2037-12-31,4294971649.91424,3744807805.3576736,4836709118.640575,European Union (27)
2038-12-31,4306632259.430164,3767375743.1388617,4908795123.235196,European Union (27)
2039-12-31,4319121635.4968,3720550646.2735453,4842221912.398119,European Union (27)
2040-12-31,4387573810.568212,3797904768.487503,4927755725.321228,European Union (27)
2041-12-31,4398420983.792663,3799489546.1569033,4911102361.276121,European Union (27)
2042-12-31,4410081593.308882,3891736653.5456142,4964640630.187438,European Union (27)
2043-12-31,4422570969.375207,3894244375.086707,4956704107.362306,European Union (27)
2044-12-31,4491023144.446572,3905158664.8529835,5073465765.058947,European Union (27)
2045-12-31,4501870317.671315,3935237557.3918457,5060006688.771778,European Union (27)
2046-12-31,4513530927.187467,3961431006.0451984,5106052292.131308,European Union (27)
2047-12-31,4526020303.253853,3951973543.1054463,5103643771.526429,European Union (27)
2048-12-31,4594472478.325301,4019579027.28907,5139064873.182584,European Union (27)
2049-12-31,4605319651.550019,4029138093.542563,5170338021.372976,European Union (27)
2050-12-31,4616980261.066,4066451153.471146,5150537230.479029,European Union (27)
2051-12-31,4629469637.132536,4071274427.1857696,5193326840.270133,European Union (27)
2052-12-31,4697921812.203999,4145548431.0828524,5243002543.97752,European Union (27)
